{
    "bot": {
        "prefix": "$",
        "description": "Business Network Discord Bot"
    },
    "server": {
        "color_theme": 5287936,
        "member_role_id": 812021501938368554,
        "staff_role_id":  918222200409038868,
        "verification_role_id": 1094345255446397068
    },
    "emojis": {
        "down_arrow": "<:emoji_299:1348037476882579517>",
        "bullet_point": "<a:aemoji_187:1347536765203906642>"
    },
    "tickets": {
        "general_category_id": 1278462034815746192,
        "support_category_id": 1138158334034325568,
        "collab_category_id": 1266759233622507591,
        "feedback_category_id": 1268987825831940219,
        "transcript_channel_id": 1345073904074620968,
        "embed_image": "https://images-ext-1.discordapp.net/external/Gbygz5dulVVSzux48Pn3FeGnpwnGVGB1aVaGXNpQ3tU/https/cdn-longterm.mee6.xyz/plugins/embeds/images/800484865774190662/5ff6dd507e9ee86cddc6e2aac435d6147991081013951a05e30ee7417ad3be2d.gif?width=375&height=375",
        "panel_image": "https://media.discordapp.net/attachments/1224032780438999140/1348763494958366861/image.png?ex=67f2ec64&is=67f19ae4&hm=491e4fe6a86d9240b41e7d6cb55483ac94f7ca5d6cd0db4385e3fffd060568fd&=&format=webp&quality=lossless "
    },
    "onboarding": {
        "enabled": true,
        "log_channel_id": 1345073904074620968,
        "timeout_minutes": 30,
        "gif_links": {
            "step1": "https://media.discordapp.net/attachments/1224032780438999140/1348763494958366861/image.png?ex=67f243a4&is=67f0f224&hm=2ab1a3d478bd0aff8079ee33d690d6f312e6e9ce1f322eb926ca835417664c00&=&format=webp&quality=lossless&width=409&height=95",
            "step2": "https://media.discordapp.net/attachments/1224032780438999140/1348763494958366861/image.png?ex=67f243a4&is=67f0f224&hm=2ab1a3d478bd0aff8079ee33d690d6f312e6e9ce1f322eb926ca835417664c00&=&format=webp&quality=lossless&width=409&height=95",
            "step3": "https://media.discordapp.net/attachments/1224032780438999140/1348763494958366861/image.png?ex=67f243a4&is=67f0f224&hm=2ab1a3d478bd0aff8079ee33d690d6f312e6e9ce1f322eb926ca835417664c00&=&format=webp&quality=lossless&width=409&height=95",
            "step4": "https://media.discordapp.net/attachments/1224032780438999140/1348763494958366861/image.png?ex=67f243a4&is=67f0f224&hm=2ab1a3d478bd0aff8079ee33d690d6f312e6e9ce1f322eb926ca835417664c00&=&format=webp&quality=lossless&width=409&height=95"
        }
    },
    "greetings": {
        "enabled": true,
        "dm_enabled": false
    },
    "database": {
        "mongo_uri": "mongodb+srv://info:riEvGk:G35jjaJ4@cluster0.3gtjtro.mongodb.net/?retryWrites=true&w=majority&appName=Cluster0",
        "database_name": "cluster0",
        "collections": {
            "user_emails": "user_emails"
        }
    },
    "web": {
        "host": "0.0.0.0",
        "port": 5000,
        "debug": true,
        "base_url": "https://transcripts.reelsbuilder.ai"
    }
}
